{"Sample ID": "Visium_HD_Human_Colon_Cancer", "Number of Reads": 721219716, "Valid Barcodes": 0.8949706402646375, "Valid UMIs": 0.998819698101542, "Sequencing Saturation": 0.5650805592638811, "Q30 Bases in Barcode": 0.9481857167916078, "Q30 Bases in Probe Read": 0.9413890525306592, "Q30 Bases in UMI": 0.9516015938154424, "Reads Mapped to Probe Set": 0.9876444780941068, "Reads Mapped Confidently to Probe Set": 0.9819928563905204, "Fraction Reads in Squares Under Tissue": 0.9952031594220264, "Genes Detected": 18072, "Reads Mapped Confidently to the Filtered Probe Set": 0.95057273087637, "Number of Genes": 18085, "Reads Half-Mapped to Probe Set": 0.0053662481961322, "Reads Split-Mapped to Probe Set": 0.0002853735074541, "Estimated UMIs from Genomic DNA": 0.0045165163453299, "Estimated UMIs from Genomic DNA per Unspliced Probe": 27.0, "Number of Squares Under Tissue 2 \u00b5m": 8731400, "Mean Reads Under Tissue per Square 2 \u00b5m": 82.60069587924045, "Fraction of Squares Under Tissue 2 \u00b5m": 0.7780262864780575, "Mean Genes Under Tissue per Square 2 \u00b5m": 28.69450718097997, "Mean UMIs Under Tissue per Square 2 \u00b5m": 30.53836440891612, "Total Genes Detected Under Tissue 2 \u00b5m": 18072, "Number of Bins Under Tissue 8 \u00b5m": 545913, "Mean Reads Under Tissue per Bin 8 \u00b5m": 1321.125739815685, "Fraction of Bins Under Tissue 8 \u00b5m": 0.7773836444312803, "Mean Genes Under Tissue per Bin 8 \u00b5m": 393.1646709274232, "Mean UMIs Under Tissue per Bin 8 \u00b5m": 488.4343750744178, "Total Genes Detected Under Tissue 8 \u00b5m": 18072, "Number of Bins Under Tissue 16 \u00b5m": 137051, "Mean Reads Under Tissue per Bin 16 \u00b5m": 5262.418486548803, "Fraction of Bins Under Tissue 16 \u00b5m": 0.7806460432556206, "Mean Genes Under Tissue per Bin 16 \u00b5m": 1274.8417961197054, "Mean UMIs Under Tissue per Bin 16 \u00b5m": 1945.9316969595368, "Total Genes Detected Under Tissue 16 \u00b5m": 18072, "pixel_size_um_embedded": 0.2645833333333333, "pixel_size_um_estimated": 0.2738828328734267, "spots_under_tissue": 2279, "adata_nb_col": 18085, "fullres_px_width": 75250, "fullres_px_height": 48740, "dataset_title": "Visium HD Spatial Gene Expression Library, Human Colorectal Cancer (FFPE)", "id": "TENX128", "image_filename": "TENX128.tif", "organ": "Bowel", "disease_state": "Cancer", "oncotree_code": "COAD", "species": "Homo sapiens", "patient": NaN, "st_technology": "Visium HD", "data_publication_date": "2024-03-25", "license": "Creative Commons Attribution", "study_link": NaN, "download_page_link1": "https://www.10xgenomics.com/datasets/visium-hd-cytassist-gene-expression-libraries-of-human-crc", "inter_spot_dist": 2.0, "spot_diameter": 2.0, "preservation_method": "FFPE", "nb_genes": 18085, "treatment_comment": NaN, "magnification": "40x", "tissue": "Colon", "disease_comment": NaN, "subseries": NaN}