{"Sample ID": "Visium_HD_Mouse_Small_Intestine", "Number of Reads": 324617261, "Valid Barcodes": 0.8813516358269069, "Valid UMIs": 0.998797426856485, "Sequencing Saturation": 0.4598950117614944, "Q30 Bases in Barcode": 0.9556416399550298, "Q30 Bases in Probe Read": 0.9447098029644934, "Q30 Bases in UMI": 0.9622398059985434, "Reads Mapped to Probe Set": 0.988841693171701, "Reads Mapped Confidently to Probe Set": 0.985104898657869, "Fraction Reads in Squares Under Tissue": 0.9772623698208118, "Genes Detected": 19029, "Reads Mapped Confidently to the Filtered Probe Set": 0.9111614338955316, "Number of Genes": 19059, "Reads Half-Mapped to Probe Set": 0.0031984867249557, "Reads Split-Mapped to Probe Set": 0.0005383077888763, "Estimated UMIs from Genomic DNA": 0.0030068482193172, "Estimated UMIs from Genomic DNA per Unspliced Probe": 9.0, "Number of Squares Under Tissue 2 \u00b5m": 5479660, "Mean Reads Under Tissue per Square 2 \u00b5m": 59.240401959245645, "Fraction of Squares Under Tissue 2 \u00b5m": 0.4882744486522611, "Mean Genes Under Tissue per Square 2 \u00b5m": 23.36617326622374, "Mean UMIs Under Tissue per Square 2 \u00b5m": 25.035526474270988, "Total Genes Detected Under Tissue 2 \u00b5m": 19029, "Number of Bins Under Tissue 8 \u00b5m": 351817, "Mean Reads Under Tissue per Bin 8 \u00b5m": 922.687820656762, "Fraction of Bins Under Tissue 8 \u00b5m": 0.5009896844971263, "Mean Genes Under Tissue per Bin 8 \u00b5m": 304.9688218590884, "Mean UMIs Under Tissue per Bin 8 \u00b5m": 392.4022972170232, "Total Genes Detected Under Tissue 8 \u00b5m": 19029, "Number of Bins Under Tissue 16 \u00b5m": 91033, "Mean Reads Under Tissue per Bin 16 \u00b5m": 3565.929509079125, "Fraction of Bins Under Tissue 16 \u00b5m": 0.5185263241836171, "Mean Genes Under Tissue per Bin 16 \u00b5m": 966.5035756264208, "Mean UMIs Under Tissue per Bin 16 \u00b5m": 1523.2576867729065, "Total Genes Detected Under Tissue 16 \u00b5m": 19029, "pixel_size_um_embedded": 0.2645833333333333, "pixel_size_um_estimated": 0.2738342169376786, "spots_under_tissue": 1748, "adata_nb_col": 19059, "fullres_px_width": 23618, "fullres_px_height": 21943, "dataset_title": "Visium HD Spatial Gene Expression Library, Mouse Small Intestine (FFPE)", "id": "TENX129", "image_filename": "TENX129.tif", "organ": "Bowel", "disease_state": "Healthy", "oncotree_code": NaN, "species": "Mus musculus", "patient": NaN, "st_technology": "Visium HD", "data_publication_date": "2024-03-25", "license": "Creative Commons Attribution", "study_link": NaN, "download_page_link1": "https://www.10xgenomics.com/datasets/visium-hd-cytassist-gene-expression-libraries-of-mouse-intestine", "inter_spot_dist": 2.0, "spot_diameter": 2.0, "preservation_method": "FFPE", "nb_genes": 19059, "treatment_comment": NaN, "magnification": "40x", "tissue": "Intestine", "disease_comment": NaN, "subseries": NaN}