{"Sample ID": "Visium_HD_Mouse_Brain", "Number of Reads": 334184277, "Valid Barcodes": 0.916219634115222, "Valid UMIs": 0.9992119048736694, "Sequencing Saturation": 0.7007315415752939, "Q30 Bases in Barcode": 0.929928272845814, "Q30 Bases in Probe Read": 0.9163983420027046, "Q30 Bases in UMI": 0.9316371230098888, "Reads Mapped to Probe Set": 0.9904359234710496, "Reads Mapped Confidently to Probe Set": 0.987388185830179, "Fraction Reads in Squares Under Tissue": 0.9832144290530476, "Genes Detected": 18991, "Reads Mapped Confidently to the Filtered Probe Set": 0.9861493842811762, "Number of Genes": 19059, "Reads Half-Mapped to Probe Set": 0.0027647081672846, "Reads Split-Mapped to Probe Set": 0.0002830294735859, "Estimated UMIs from Genomic DNA": 0.0021852522359943, "Estimated UMIs from Genomic DNA per Unspliced Probe": 5.0, "Number of Squares Under Tissue 2 \u00b5m": 6296688, "Mean Reads Under Tissue per Square 2 \u00b5m": 53.073024580541386, "Fraction of Squares Under Tissue 2 \u00b5m": 0.5610771218534195, "Mean Genes Under Tissue per Square 2 \u00b5m": 13.898829670455948, "Mean UMIs Under Tissue per Square 2 \u00b5m": 14.088088055180265, "Total Genes Detected Under Tissue 2 \u00b5m": 18991, "Number of Bins Under Tissue 8 \u00b5m": 393543, "Mean Reads Under Tissue per Bin 8 \u00b5m": 849.1683932886622, "Fraction of Bins Under Tissue 8 \u00b5m": 0.5604077784929454, "Mean Genes Under Tissue per Bin 8 \u00b5m": 201.59050726349983, "Mean UMIs Under Tissue per Bin 8 \u00b5m": 225.40940888289435, "Total Genes Detected Under Tissue 8 \u00b5m": 18991, "Number of Bins Under Tissue 16 \u00b5m": 98917, "Mean Reads Under Tissue per Bin 16 \u00b5m": 3378.43117967589, "Fraction of Bins Under Tissue 16 \u00b5m": 0.5634337922431519, "Mean Genes Under Tissue per Bin 16 \u00b5m": 690.0716155969071, "Mean UMIs Under Tissue per Bin 16 \u00b5m": 898.49544567669, "Total Genes Detected Under Tissue 16 \u00b5m": 18992, "pixel_size_um_embedded": 0.2645833333333333, "pixel_size_um_estimated": 0.2738850177480056, "spots_under_tissue": 1635, "adata_nb_col": 19059, "fullres_px_width": 18872, "fullres_px_height": 23947, "dataset_title": "Visium HD Spatial Gene Expression Library, Mouse Brain (FFPE)", "id": "TENX131", "image_filename": "TENX131.tif", "organ": "Brain", "disease_state": "Healthy", "oncotree_code": NaN, "species": "Mus musculus", "patient": NaN, "st_technology": "Visium HD", "data_publication_date": "2024-03-29", "license": "Creative Commons Attribution", "study_link": NaN, "download_page_link1": "https://www.10xgenomics.com/datasets/visium-hd-cytassist-gene-expression-libraries-of-mouse-brain-he", "inter_spot_dist": 2.0, "spot_diameter": 2.0, "preservation_method": "FFPE", "nb_genes": 19059, "treatment_comment": NaN, "magnification": "40x", "tissue": "Brain", "disease_comment": NaN, "subseries": NaN}