feature	importance
he_mean_B	0.2754933275164697
elongation	0.22520710109100772
log_area_um2	0.13302481343367673
he_var_B	0.08523527923980652
he_mean_A	0.07141382984539763
circularity	0.0674891122852634
convexity	0.056396385476280064
he_var_A	0.053362503567870395
he_ratio_BA	0.032377647544227936
